,price,superficie,chambres,bains,city
1,430000.0,132.0,3,1,ariana
12,330000.0,90.0,2,1,ariana
16,210000.0,160.0,2,1,nabeul
18,315000.0,41.0,1,1,tunis
20,160000.0,124.0,3,1,sousse
22,265000.0,105.0,2,1,sousse
28,300000.0,92.7,2,1,tunis
31,350000.0,92.0,2,1,tunis
32,240000.0,100.0,2,1,nabeul
38,160000.0,51.0,1,1,sousse
40,130000.0,75.0,3,1,ben arous
42,3000000.0,180.0,3,2,ariana
47,420000.0,135.0,4,2,tunis
49,450000.0,126.0,2,2,tunis
50,400000.0,120.0,2,2,tunis
51,560000.0,121.0,2,2,tunis
53,280000.0,130.0,0,1,tunis
55,620000.0,165.0,3,3,tunis
64,250000.0,190.0,3,1,tunis
73,275000.0,68.0,1,1,nabeul
76,95000.0,50.0,1,1,tunis
77,450000.0,190.0,4,3,tunis
81,395000.0,176.0,4,3,tunis
83,2000000.0,45.0,1,1,tunis
84,430000.0,95.0,0,2,tunis
85,274000.0,65.0,1,1,ariana
86,200000.0,56.0,1,1,tunis
90,950000.0,330.0,2,2,tunis
91,227000.0,57.0,1,1,tunis
92,240000.0,46.0,0,1,tunis
93,1200000.0,107.0,2,1,tunis
95,420000.0,300.0,2,2,nabeul
102,350000.0,99.0,2,1,monastir
104,108000.0,82.0,1,1,monastir
110,740000.0,183.0,1,1,tunis
111,259000.0,114.0,3,1,monastir
112,355000.0,116.0,2,2,tunis
113,241000.0,64.0,1,1,tunis
114,193000.0,47.0,1,1,tunis
115,279000.0,134.0,3,2,tunis
118,222002.0,57.0,3,1,tunis
124,360000.0,106.0,2,2,tunis
125,233000.0,83.0,2,1,tunis
128,186001.0,55.0,0,2,tunis
130,611000.0,130.0,2,2,nabeul
131,3500000.0,60.0,1,2,tunis
132,250000.0,170.0,3,2,ben arous
133,333000.0,58.0,1,1,nabeul
134,381002.0,125.0,0,2,tunis
137,234000.0,60.0,1,1,nabeul
138,397000.0,146.0,3,2,tunis
141,1100000.0,62.0,1,1,tunis
144,357000.0,107.0,0,2,tunis
146,330000.0,117.0,2,2,tunis
148,565000.0,124.0,3,2,tunis
157,175000.0,100.0,2,1,bizerte
167,950000.0,300.0,4,4,nabeul
169,700000.0,507.0,4,2,tunis
170,680000.0,300.0,4,2,tunis
171,230000.0,90.0,2,2,nabeul
176,300000.0,170.0,5,2,ariana
181,270000.0,72.0,2,1,tunis
186,160000.0,65.0,1,1,ben arous
187,420000.0,110.0,2,3,tunis
199,545000.0,400.0,3,2,ben arous
205,235000.0,56.0,1,1,tunis
207,340000.0,180.0,4,3,ariana
214,120000.0,100.0,2,1,ben arous
222,203000.0,47.0,6,3,tunis
232,412000.0,112.0,2,1,tunis
235,1500000.0,453.0,6,3,tunis
246,350000.0,180.0,3,2,tunis
247,1399999.0,340.0,4,2,tunis
251,370000.0,100.0,4,2,tunis
258,235000.0,126.0,2,1,sousse
259,250000.0,100.0,2,2,sousse
260,125000.0,80.0,2,1,sousse
264,295000.0,113.0,2,2,sousse
267,360000.0,122.0,3,2,tunis
268,2000000.0,68.0,1,1,ariana
269,178000.0,150.0,1,1,nabeul
271,686000.0,130.0,3,2,ariana
272,693494.0,162.0,3,2,ariana
278,86000.0,107.0,3,2,sousse
283,1350000.0,300.0,4,3,ariana
285,256000.0,63.0,1,1,ariana
286,445000.0,157.0,4,2,tunis
289,850000.0,305.0,4,3,ariana
311,280000.0,296.0,4,2,tunis
316,355000.0,147.0,3,3,ariana
318,430000.0,130.0,3,2,ariana
319,698000.0,100.0,2,1,bizerte
320,382000.0,56.0,6,3,tunis
321,300000.0,150.0,4,2,nabeul
325,368000.0,155.0,3,2,ariana
326,430000.0,145.0,4,2,ariana
342,430000.0,350.0,5,1,tunis
348,950000.0,580.0,7,3,tunis
350,190000.0,100.0,2,1,ariana
357,1050000.0,420.0,4,4,nabeul
358,890000.0,485.0,4,4,nabeul
359,1150000.0,650.0,4,4,nabeul
362,930000.0,510.0,4,3,nabeul
373,370000.0,130.0,2,2,ariana
377,220000.0,306.0,4,1,manouba
386,418000.0,110.0,2,1,nabeul
404,360000.0,106.0,5,3,tunis
410,289000.0,69.0,2,1,tunis
417,230000.0,110.0,2,1,nabeul
422,120000.0,100.0,2,2,ben arous
433,230000.0,90.0,2,1,tunis
435,395000.0,180.0,3,2,ariana
438,390000.0,300.0,4,2,ben arous
441,215000.0,73.0,1,1,nabeul
443,297000.0,93.0,2,1,tunis
455,325000.0,135.0,2,1,ariana
456,240000.0,90.0,2,1,ben arous
464,270000.0,94.0,2,1,tunis
465,170001.0,100.0,1,2,nabeul
470,310000.0,260.0,5,3,tunis
477,325000.0,135.0,3,1,tunis
511,180000.0,94.0,2,1,tunis
518,220000.0,75.0,2,1,tunis
522,440000.0,388.0,4,3,ariana
533,670000.0,300.0,4,2,nabeul
541,675000.0,423.0,7,3,tunis
543,500000.0,211.0,2,2,nabeul
545,405000.0,176.0,4,2,tunis
559,200000.0,80.0,2,1,ben arous
560,145000.0,73.0,1,1,mahdia
572,180000.0,70.0,2,2,tunis
579,850000.0,404.0,6,3,ariana
581,700000.0,170.0,3,2,ariana
583,165000.0,110.0,2,1,nabeul
604,350000.0,270.0,2,1,tunis
612,350000.0,200.0,4,4,nabeul
614,199997.0,117.0,2,1,nabeul
617,190000.0,115.0,3,1,ariana
620,180000.0,90.0,2,2,tunis
622,280000.0,69.0,1,1,nabeul
623,280000.0,67.5,1,1,sousse
624,495000.0,350.0,5,5,nabeul
627,315000.0,104.0,2,1,ariana
629,235600.0,62.0,1,1,nabeul
632,300000.0,156.0,3,2,tunis
637,460000.0,222.0,5,3,ariana
638,285000.0,60.0,2,1,ariana
644,650000.0,465.0,3,1,tunis
645,480000.0,85.0,1,1,ariana
648,260000.0,100.0,2,1,ariana
650,320000.0,131.0,4,2,tunis
653,218000.0,30.0,6,3,tunis
655,178000.0,257.0,2,1,ariana
658,1350000.0,100.0,2,1,tunis
663,460000.0,183.0,4,2,ariana
669,449996.0,252.0,1,2,bizerte
684,450000.0,186.0,8,2,tunis
685,364999.0,105.0,0,1,tunis
687,180000.0,105.0,2,1,nabeul
688,380000.0,168.0,2,2,ben arous
689,620000.0,157.4,3,3,sousse
697,215000.0,67.89,1,1,sousse
698,360000.0,150.0,3,2,ariana
699,580000.0,486.0,5,2,ariana
703,230000.0,100.0,2,1,tunis
710,340000.0,133.0,3,3,sousse
714,180000.0,90.0,2,1,sousse
715,230640.0,76.0,2,1,sousse
716,349000.0,115.0,4,2,sousse
718,290000.0,90.0,1,1,sousse
719,880000.0,310.0,4,3,sousse
720,65000.0,70.0,2,1,sousse
723,297000.0,120.0,3,2,tunis
724,295000.0,140.0,1,1,tunis
725,1050000.0,230.0,2,5,tunis
730,980000.0,515.0,6,2,tunis
731,220000.0,104.0,2,1,tunis
732,270000.0,160.0,3,1,tunis
733,480000.0,294.0,4,2,tunis
734,121000.0,45.0,0,1,tunis
735,185000.0,65.0,1,1,tunis
737,98000.0,115.0,3,2,sousse
738,140000.0,110.0,2,1,sousse
743,285000.0,125.0,4,1,tunis
744,70000.0,75.0,2,1,sousse
746,950000.0,70.0,1,1,tunis
751,190000.0,120.0,2,1,ariana
756,320000.0,100.0,3,1,monastir
757,270000.0,103.0,2,1,monastir
762,2000000.0,696.0,8,5,medenine
776,290000.0,100.0,2,1,nabeul
777,365000.0,100.0,4,1,monastir
778,380000.0,120.0,3,1,monastir
779,150000.0,60.0,2,1,monastir
785,160000.0,90.0,2,1,monastir
788,219999.0,61.0,1,1,ariana
793,120000.0,40.0,1,1,ariana
794,785000.0,204.0,3,1,nabeul
796,385000.0,102.0,2,1,nabeul
798,285000.0,57.0,1,1,nabeul
799,230000.0,55.0,1,1,nabeul
805,349000.0,120.0,2,1,tunis
810,475000.0,146.0,3,3,sousse
811,540000.0,167.0,2,3,sousse
812,550000.0,175.0,3,3,sousse
813,420000.0,160.0,3,3,sousse
814,320000.0,118.0,2,2,sousse
815,300000.0,116.0,2,1,sousse
816,370000.0,128.0,2,1,sousse
817,447000.0,160.0,3,3,sousse
818,375000.0,140.0,3,2,sousse
819,395000.0,134.0,3,2,sousse
820,425000.0,123.0,2,2,sousse
821,365000.0,116.0,2,2,sousse
822,510000.0,150.0,3,3,sousse
823,458000.0,122.0,2,1,sousse
824,294998.0,97.0,2,2,sousse
825,620000.0,535.0,0,1,sousse
827,630000.0,286.0,4,2,sousse
834,88000.0,70.0,3,1,ben arous
844,80000.0,70.0,1,1,ben arous
851,222000.0,143.0,3,2,sfax
861,1600000.0,491.0,8,2,tunis
889,180000.0,65.0,3,1,tunis
894,168000.0,120.0,2,1,ariana
896,230000.0,91.0,2,1,tunis
897,280000.0,269.0,4,1,tunis
910,320000.0,106.0,4,2,ariana
916,2700000.0,640.0,9,3,nabeul
918,607000.0,113.0,3,2,ariana
922,400000.0,452.0,1,2,medenine
933,370000.0,120.0,3,2,sousse
944,215000.0,66.0,2,1,tunis
951,2000000.0,270.0,3,1,ben arous
954,720000.0,300.0,0,1,bizerte
959,420000.0,150.0,3,2,tunis
969,529999.0,300.0,4,4,tunis
981,450000.0,250.0,7,3,ben arous
1023,399000.0,124.0,2,1,tunis
1032,120000.0,100.0,2,1,nabeul
1041,160000.0,128.0,3,1,sousse
1042,490000.0,499.0,3,2,sousse
1045,350000.0,86.0,2,1,sousse
1046,170000.0,131.0,2,1,ariana
1047,125000.0,97.0,2,1,tunis
1049,219000.0,66.0,2,1,tunis
1050,245000.0,450.0,3,2,mahdia
1051,865000.0,330.0,4,2,mahdia
1052,135000.0,200.0,0,1,ariana
1054,260000.0,420.0,2,3,mahdia
1062,650000.0,184.0,3,1,tunis
1069,950000.0,220.0,3,3,tunis
1074,370000.0,91.0,2,1,tunis
1081,590000.0,530.0,3,1,sousse
1083,1450000.0,130.0,3,1,tunis
1084,290000.0,120.0,3,1,monastir
1085,300000.0,92.0,2,1,tunis
1091,515000.0,111.0,2,1,monastir
1096,180000.0,175.0,3,1,tunis
1100,160000.0,102.0,2,1,monastir
1105,175000.0,51.0,1,1,ariana
1111,125000.0,90.0,2,1,ben arous
1113,169999.0,101.0,3,2,ariana
1115,159998.0,100.0,2,2,bizerte
1119,179000.0,43.0,1,1,ariana
1122,205000.0,95.0,2,1,nabeul
1123,390000.0,140.0,4,1,tunis
1128,200000.0,95.0,3,1,bizerte
1152,335000.0,65.0,1,1,tunis
1153,450000.0,200.0,4,2,bizerte
1159,700000.0,368.0,7,2,bizerte
1166,415000.0,97.0,2,1,nabeul
1178,350000.0,143.0,3,2,sousse
1184,260000.0,71.0,2,1,nabeul
1186,125000.0,100.0,4,1,ariana
1187,370000.0,317.0,7,2,manouba
1191,525000.0,161.0,3,2,nabeul
1196,249000.0,103.0,2,1,sousse
1197,85000.0,80.0,2,1,sousse
1198,114000.0,60.0,1,1,sousse
1199,392000.0,134.0,3,2,sousse
1200,420000.0,149.0,4,3,sousse
1203,240000.0,116.0,2,1,sousse
1205,297000.0,119.0,2,1,tunis
1206,960000.0,180.0,3,1,ariana
1208,540000.0,151.0,3,1,ariana
1213,380000.0,105.0,2,1,tunis
1215,150000.0,156.0,3,1,tunis
1216,410000.0,200.0,3,2,nabeul
1218,220000.0,118.0,2,1,tunis
1219,680000.0,500.0,4,2,sousse
1220,1300000.0,400.0,7,3,tunis
1221,365000.0,160.0,9,3,tunis
1234,800000.0,225.0,5,2,tunis
1236,155000.0,100.0,3,1,tunis
1237,620000.0,325.0,6,3,tunis
1238,215000.0,63.0,1,1,tunis
1242,560000.0,472.0,4,2,tunis
1247,235000.0,90.0,2,1,tunis
1254,240000.0,100.0,2,1,tunis
1266,265000.0,88.0,1,1,tunis
1270,890000.0,285.0,4,4,tunis
1273,569000.0,125.0,2,2,ariana
1282,650000.0,156.0,3,2,ariana
1283,270000.0,94.0,2,1,ariana
1287,398000.0,102.0,1,1,nabeul
1294,175000.0,90.0,2,1,nabeul
1295,199000.0,85.0,2,1,nabeul
1296,190000.0,100.0,2,1,nabeul
1297,215000.0,125.0,2,2,nabeul
1299,327597.0,84.0,1,1,nabeul
1303,185000.0,100.0,2,1,ben arous
1314,1000000.0,400.0,6,4,tunis
1324,350000.0,100.0,3,2,ariana
1328,200000.0,67.0,2,1,tunis
1330,506000.0,156.0,3,1,tunis
1331,335000.0,110.0,3,2,tunis
1333,85000.0,90.0,2,1,sousse
1335,235000.0,94.0,2,2,sousse
1357,160000.0,54.0,1,1,ben arous
1362,171000.0,68.0,1,1,ariana
1369,450000.0,138.0,3,2,ariana
1372,450000.0,138.0,3,2,tunis
1374,115000.0,50.0,1,1,ariana
1376,1300000.0,292.0,7,5,ariana
1379,180000.0,54.0,1,1,tunis
1383,280000.0,92.0,1,1,tunis
1385,890000.0,315.0,2,2,tunis
1406,350000.0,116.0,2,2,tunis
1413,260000.0,65.0,1,1,ben arous
1418,90000.0,45.0,1,1,tunis
1423,257400.0,66.0,3,1,nabeul
1432,200000.0,100.0,2,1,ben arous
1435,650000.0,425.0,7,3,mahdia
1437,680000.0,124.0,2,2,mahdia
1438,264000.0,69.5,1,1,mahdia
1440,170000.0,89.5,2,1,mahdia
1448,240000.0,82.0,2,1,mahdia
1450,200000.0,120.0,2,1,mahdia
1451,570002.0,554.0,4,3,medenine
1455,280000.0,120.0,4,2,ariana
1457,1500000.0,108.0,2,1,tunis
1460,800000.0,413.0,8,2,ben arous
1482,435000.0,210.0,4,1,ben arous
1485,650000.0,520.0,6,2,ben arous
1486,750000.0,597.0,3,2,ben arous
1487,480000.0,185.0,4,4,ben arous
1488,790000.0,418.0,7,4,ben arous
1517,279000.0,90.0,2,1,tunis
1518,280000.0,280.0,4,3,nabeul
1519,550000.0,300.0,4,1,sfax
1520,1450000.0,497.0,7,3,sousse
1522,271000.0,90.0,2,1,sousse
1523,187000.0,113.0,2,1,sousse
1524,380000.0,310.0,4,2,sousse
1525,366000.0,140.0,3,2,sousse
1530,440000.0,116.0,2,2,ariana
1531,267000.0,67.0,2,1,tunis
1532,235000.0,56.0,1,1,nabeul
1534,630000.0,160.0,4,2,tunis
1565,180000.0,150.0,3,1,tunis
1573,128000.0,80.0,2,1,tunis
1576,185000.0,95.0,2,1,ariana
1581,260000.0,89.0,2,1,ben arous
1582,1475000.0,600.0,6,3,ben arous
1583,950000.0,400.0,4,3,nabeul
1584,1200000.0,420.0,4,4,tunis
1590,350000.0,91.0,2,1,nabeul
1594,490000.0,192.0,2,1,nabeul
1595,359999.0,116.0,2,1,nabeul
1596,490000.0,104.0,2,1,nabeul
1597,380000.0,110.0,2,1,nabeul
1598,240000.0,117.0,2,1,ben arous
1600,260000.0,64.0,1,1,nabeul
1603,670000.0,354.0,3,2,nabeul
1605,340000.0,156.0,3,2,tunis
1606,135000.0,61.0,1,1,nabeul
1610,180000.0,45.0,1,1,nabeul
1622,330000.0,230.0,4,2,tunis
1634,390000.0,120.0,2,2,tunis
1641,325000.0,120.0,2,1,ariana
1673,360000.0,103.0,2,2,tunis
1674,295000.0,72.0,1,1,tunis
1678,500000.0,200.0,4,2,bizerte
1681,620000.0,560.0,1,1,tunis
1682,280000.0,118.0,2,1,tunis
1683,480000.0,105.0,2,2,tunis
1684,244000.0,46.0,1,1,ariana
1685,600000.0,270.0,3,3,ariana
1686,250000.0,109.0,2,1,tunis
1687,860000.0,160.0,3,3,ariana
1693,529996.0,300.0,4,2,tunis
1697,285000.0,60.0,2,1,tunis
1706,295000.0,200.0,6,3,manouba
1710,480000.0,400.0,4,1,ben arous
1715,260000.0,120.0,2,1,tunis
1722,480000.0,125.4,2,2,sousse
1724,95000.0,85.0,2,1,ben arous
1726,260000.0,100.0,3,1,tunis
1729,530000.0,118.0,2,1,sousse
1735,275000.0,81.0,1,1,tunis
1738,325000.0,89.0,2,2,tunis
1739,317000.0,152.0,3,2,tunis
1741,495000.0,129.0,3,2,ariana
1746,1200000.0,690.0,7,2,manouba
1750,86000.0,220.0,2,1,tunis
1763,175000.0,80.0,2,1,sousse
1773,190000.0,101.0,4,1,tunis
1774,85000.0,160.0,3,2,nabeul
1790,345000.0,75.0,1,1,tunis
1794,350000.0,128.0,4,3,sousse
1795,460000.0,153.0,3,2,sousse
1797,160000.0,50.0,1,1,sousse
1798,270000.0,110.0,2,1,sousse
1801,90000.0,79.0,2,1,sfax
1824,680000.0,217.0,3,1,manouba
1828,195000.0,100.0,2,1,manouba
1836,320000.0,83.0,1,1,nabeul
1842,300000.0,200.0,3,1,tunis
1847,980000.0,480.0,4,1,ben arous
1852,310000.0,135.0,3,1,tunis
1853,395000.0,106.0,3,2,tunis
1855,100000.0,100.0,3,1,tunis
1867,80000.0,85.0,2,1,sousse
1869,950000.0,450.0,5,5,sousse
1871,1700000.0,616.0,8,3,ariana
1874,570000.0,110.0,2,1,monastir
1875,350000.0,135.0,2,1,sousse
1876,350000.0,139.0,2,2,tunis
1879,310000.0,117.0,3,1,tunis
1880,780000.0,380.0,5,3,ben arous
1905,190000.0,115.0,2,1,ariana
1908,430000.0,671.0,4,1,ben arous
1911,1250000.0,500.0,5,3,tunis
1915,180000.0,140.0,4,1,ben arous
1916,320000.0,130.0,3,2,ariana
1917,650000.0,500.0,4,4,ariana
1919,217000.0,98.0,2,1,monastir
1920,120000.0,66.0,2,1,tunis
1922,171000.0,68.0,1,1,tunis
1923,135000.0,125.0,3,1,tunis
1946,470000.0,292.0,6,2,nabeul
1947,680000.0,500.0,5,3,sfax
1957,259000.0,120.0,2,2,sousse
1958,200000.0,56.0,1,1,sousse
1959,310000.0,114.0,2,2,tunis
1960,159000.0,63.0,2,1,tunis
1980,360000.0,140.0,3,1,tunis
1981,600000.0,158.0,3,2,tunis
1983,195000.0,161.0,4,1,tunis
1988,150000.0,106.0,4,2,tunis
1993,178000.0,75.0,2,1,monastir
1994,420000.0,153.0,3,2,ariana
1995,860000.0,400.0,3,3,sousse
1996,1350000.0,434.0,5,3,sousse
2003,495000.0,500.0,3,2,sousse
2011,155000.0,105.0,3,2,ariana
2018,100000.0,280.0,2,1,nabeul
2027,3099998.0,672.0,5,3,tunis
2029,1990000.0,450.0,5,4,tunis
2035,180000.0,236.0,2,1,medenine
2037,275000.0,120.0,3,1,monastir
2042,1600000.0,450.0,5,3,tunis
2043,850000.0,450.0,7,4,tunis
2052,1100000.0,600.0,10,5,tunis
2053,125000.0,85.0,2,1,sousse
2055,265000.0,97.0,2,1,tunis
2056,335000.0,114.0,5,2,sousse
2060,240000.0,95.0,2,1,nabeul
2067,2000000.0,100.0,2,1,sousse
2069,380000.0,112.0,3,1,ariana
2070,820000.0,500.0,4,4,nabeul
2071,750000.0,242.0,3,2,nabeul
2075,180000.0,100.0,3,1,nabeul
2091,730000.0,330.0,6,4,tunis
2096,120000.0,49.0,1,1,tunis
2101,630000.0,417.0,4,2,tunis
2104,319000.0,120.0,2,1,ariana
2106,152000.0,42.0,2,1,tunis
2107,198000.0,100.0,3,2,tunis
2108,700000.0,35.0,1,1,tunis
2109,600000.0,90.0,3,1,manouba
2111,155000.0,48.0,2,1,tunis
2112,270000.0,130.0,2,1,ben arous
2113,165000.0,50.0,1,1,ariana
2115,178000.0,85.0,2,1,nabeul
2127,159999.0,100.0,0,1,nabeul
2130,540000.0,158.0,3,2,nabeul
2131,240000.0,150.0,2,1,nabeul
2132,3000000.0,150.0,3,1,nabeul
2133,210000.0,182.0,3,1,nabeul
2134,250000.0,100.0,1,1,nabeul
2137,170000.0,100.0,3,1,manouba
2142,890000.0,340.0,4,3,nabeul
2147,190000.0,56.0,1,1,ariana
2149,235000.0,120.0,2,1,nabeul
2150,140000.0,65.0,2,1,tunis
2153,105000.0,65.0,1,1,tunis
2157,335000.0,108.0,2,1,sousse
2158,270000.0,100.0,4,2,sousse
2163,450000.0,355.0,4,2,ariana
2164,170000.0,92.0,3,1,ariana
2165,185000.0,92.0,3,1,ariana
2167,115000.0,61.0,1,1,ariana
2169,190000.0,134.0,4,2,ariana
2170,1900000.0,502.0,5,4,ariana
2171,695000.0,480.0,7,4,ariana
2173,1000000.0,672.0,6,4,ariana
2174,380000.0,441.0,5,3,ariana
2175,230000.0,150.0,5,2,ariana
2197,380000.0,107.0,2,2,nabeul
2206,290000.0,69.0,1,1,nabeul
2210,285000.0,120.0,3,1,ariana
2213,255000.0,102.5,2,1,monastir
2217,350000.0,140.0,6,2,tunis
2219,255000.0,140.0,5,2,tunis
2222,3200000.0,174.0,4,2,tunis
2224,570000.0,128.0,2,2,nabeul
2228,255000.0,104.0,2,1,ben arous
2232,1000000.0,350.0,9,3,ben arous
2234,178000.0,96.0,2,1,ben arous
2235,2100000.0,450.0,8,1,tunis
2236,160000.0,107.0,3,2,ben arous
2241,340000.0,180.0,4,2,ben arous
2245,450000.0,341.0,5,2,ben arous
2246,375000.0,188.0,3,2,ben arous
2252,150000.0,121.0,3,1,ben arous
2253,380000.0,156.0,3,1,nabeul
2254,260000.0,400.0,3,1,ariana
2255,165000.0,95.0,3,1,tunis
2263,180000.0,102.0,2,1,nabeul
2264,235000.0,150.0,3,1,tunis
2265,270000.0,160.0,3,1,tunis
2267,315000.0,143.0,3,1,ben arous
2268,250000.0,170.0,6,3,nabeul
2269,120000.0,32.0,1,1,tunis
2270,400000.0,110.0,3,2,nabeul
2272,420000.0,170.0,3,1,ariana
2273,210000.0,54.0,1,1,tunis
2274,150000.0,78.0,2,1,tunis
2277,110000.0,50.0,1,1,nabeul
2278,190000.0,107.0,3,1,ariana
2281,150000.0,60.0,1,1,nabeul
2282,310000.0,140.0,3,1,tunis
2283,280000.0,83.0,2,1,tunis
2286,1400000.0,650.0,4,4,nabeul
2287,830000.0,400.0,4,4,nabeul
2288,890000.0,500.0,4,4,nabeul
2289,1180000.0,446.0,4,4,nabeul
2296,106000.0,50.0,1,1,manouba
2298,340000.0,116.0,2,2,nabeul
2305,85000.0,50.0,1,1,tunis
2307,320000.0,180.0,5,2,tunis
2340,1200000.0,200.0,4,2,ben arous
2355,250000.0,80.0,2,1,monastir
2372,630000.0,107.0,2,1,tunis
2375,255000.0,110.0,3,2,tunis
2381,250000.0,160.0,6,2,manouba
2383,120000.0,65.0,2,1,tunis
2389,390000.0,140.0,5,2,tunis
2394,592000.0,170.69,2,2,ariana
2395,265000.0,72.0,1,1,ariana
2396,300000.0,103.0,2,1,sousse
2397,780000.0,200.0,3,3,ariana
2400,250000.0,190.0,3,1,ariana
2404,600000.0,175.0,0,1,ariana
2408,150000.0,65.0,1,1,tunis
2410,260000.0,115.0,3,1,tunis
2412,690000.0,300.0,6,2,nabeul
2414,430000.0,220.0,2,2,nabeul
2416,310000.0,180.0,4,2,ben arous
2428,470000.0,130.0,2,2,nabeul
2433,270000.0,200.0,7,2,tunis
2445,350000.0,100.0,3,1,ariana
2449,180000.0,170.0,4,1,sfax
2451,420000.0,105.0,2,1,nabeul
2452,210000.0,110.0,2,1,nabeul
2462,680000.0,307.0,3,3,ariana
2464,135000.0,80.0,2,1,tunis
2472,1300000.0,240.0,3,4,tunis
2476,185000.0,73.0,2,1,ariana
2479,1900000.0,598.0,8,2,tunis
2481,150000.0,100.0,3,2,ariana
2483,200000.0,100.0,3,2,ariana
2484,350000.0,120.0,3,2,ariana
2487,400000.0,150.0,0,1,tunis
2499,245000.0,98.0,2,1,tunis
2502,395000.0,161.0,2,2,ariana
2503,235000.0,91.0,2,1,tunis
2504,370000.0,147.0,3,3,ariana
2505,435000.0,168.0,4,3,ariana
2507,430000.0,160.0,4,2,ariana
2511,1800000.0,670.0,6,2,ariana
2512,200000.0,57.0,1,1,tunis
2514,265000.0,64.0,1,1,nabeul
2518,870000.0,260.0,4,4,tunis
2527,600000.0,212.0,3,2,ariana
2534,600000.0,160.0,4,3,tunis
2535,160000.0,70.0,2,1,ben arous
2541,230000.0,117.0,2,2,nabeul
2548,178000.0,150.0,3,1,nabeul
2576,160000.0,100.0,2,1,nabeul
2578,270000.0,220.0,3,1,tunis
2586,125000.0,60.0,1,1,nabeul
2592,1700000.0,465.0,5,5,ariana
2593,435000.0,165.0,4,2,ariana
2594,285000.0,100.0,3,1,tunis
2595,228000.0,70.0,1,1,ariana
2597,220000.0,145.0,3,1,nabeul
2606,720000.0,300.0,4,2,nabeul
2607,115000.0,110.0,2,1,nabeul
2617,185000.0,152.0,2,1,nabeul
2624,850000.0,386.0,5,5,tunis
2627,179998.0,100.0,0,1,nabeul
2638,110000.0,52.0,2,1,nabeul
2639,370000.0,214.0,2,2,sousse
2643,175000.0,69.0,2,1,sousse
2656,279998.0,116.0,2,1,tunis
2657,165000.0,95.0,2,1,ben arous
2662,178000.0,150.0,3,1,tunis
2663,300000.0,227.0,4,2,tunis
2666,460000.0,136.0,3,2,ariana
2671,89000.0,70.0,2,1,bizerte
2672,265000.0,65.0,1,1,nabeul
2675,100000.0,110.0,3,2,sousse
2683,250000.0,72.0,1,1,nabeul
2694,1350000.0,70.0,1,1,ariana
2699,2500000.0,250.0,4,3,ariana
2702,800000.0,413.0,6,2,ben arous
2704,270000.0,70.0,1,1,tunis
2708,210000.0,88.0,2,1,ariana
2717,115000.0,63.0,2,1,sousse
2718,169000.0,175.0,2,1,sousse
2721,200000.0,75.0,2,2,medenine
2723,460000.0,120.0,2,1,nabeul
2724,315000.0,130.0,2,2,nabeul
2743,350000.0,92.0,2,1,mahdia
2746,200000.0,140.0,2,1,tunis
2757,376758.0,105.47,0,1,sousse
2775,205000.0,127.0,3,1,tunis
2778,1111000.0,400.0,9,3,tunis
2780,150000.0,150.0,2,1,sfax
2787,150000.0,110.0,3,2,sousse
2790,280000.0,331.0,3,1,sfax
2791,201000.0,57.45,1,1,tunis
2799,230000.0,160.0,2,1,tunis
2800,337000.0,134.0,3,1,tunis
2803,1050000.0,400.0,4,3,nabeul
2806,170000.0,80.0,0,1,sousse
2811,240000.0,150.0,2,1,tunis
2826,310000.0,101.0,2,1,sousse
2833,85000.0,487.0,3,2,nabeul
2835,120000.0,240.0,2,1,tunis
2836,800000.0,700.0,8,4,ariana
2840,95000.0,122.0,1,1,ben arous
2842,180000.0,110.0,2,1,nabeul
2844,2700000.0,640.0,9,4,nabeul
2846,290000.0,111.0,2,2,mahdia
2847,580000.0,230.0,2,2,mahdia
2848,130000.0,150.0,2,1,monastir
2849,145000.0,64.0,2,1,monastir
2852,170000.0,75.0,2,1,monastir
2853,180000.0,100.0,2,1,monastir
2859,150000.0,100.0,3,1,ariana
2860,259000.0,230.0,4,1,sousse
2864,530000.0,271.0,3,2,sousse
2866,600000.0,385.0,5,2,tunis
2867,280000.0,61.0,3,2,ariana
2870,750000.0,500.0,4,2,nabeul
2877,130000.0,80.0,2,1,bizerte
2881,779998.0,400.0,2,2,ariana
2888,390000.0,111.0,3,1,ariana
2891,400000.0,120.0,3,1,ariana
2896,175000.0,120.0,2,2,nabeul
2901,130000.0,65.0,3,1,ben arous
2904,320000.0,135.0,3,1,tunis
2907,340000.0,116.0,2,1,nabeul
2909,270000.0,208.0,3,2,nabeul
2915,490000.0,200.0,4,2,tunis
2916,410000.0,109.0,2,1,nabeul
2921,980000.0,110.0,2,1,ariana
2922,245000.0,76.0,1,1,ariana
2924,530000.0,141.0,3,1,nabeul
2927,1200000.0,400.0,4,1,nabeul
2929,1050000.0,400.0,4,1,nabeul
2931,260000.0,46.0,1,1,nabeul
2932,760000.0,185.0,3,1,nabeul
2934,510000.0,190.0,3,1,nabeul
2940,225000.0,120.0,3,1,ariana
2943,750000.0,244.0,5,4,ariana
2944,1200000.0,547.0,5,4,tunis
2946,460000.0,150.0,3,2,ariana
2952,236000.0,60.0,1,1,nabeul
2953,90000.0,80.0,2,1,tunis
2954,310000.0,100.0,2,1,tunis
2960,165000.0,90.0,3,1,ben arous
2967,240000.0,71.0,1,1,ariana
2975,500000.0,122.0,3,2,tunis
2979,1150000.0,500.0,7,3,tunis
2984,400000.0,269.0,3,1,nabeul
2987,380000.0,95.0,2,1,nabeul
2988,215000.0,72.0,1,1,nabeul
2992,900000.0,300.0,3,3,ariana
2996,1600000.0,112.0,2,1,tunis
2997,1900000.0,500.0,5,3,tunis
3004,210000.0,100.0,2,1,nabeul
3006,95000.0,90.0,2,1,nabeul
3008,240000.0,105.0,9,3,ben arous
3013,360000.0,240.0,3,2,medenine
3014,750000.0,360.0,2,1,ariana
3015,235000.0,60.0,1,1,ariana
3032,130000.0,65.0,3,1,tunis
3036,450000.0,136.0,3,2,nabeul
3040,295000.0,264.0,3,1,medenine
3045,740000.0,178.0,3,2,ariana
3051,240000.0,120.0,2,2,ben arous
3054,258500.0,68.0,1,1,nabeul
3064,349999.0,220.0,4,1,manouba
3078,205000.0,85.0,2,1,nabeul
3080,230000.0,130.0,4,2,tunis
3082,540000.0,270.0,4,2,nabeul
3097,850000.0,250.0,3,1,nabeul
3103,100000.0,235.0,2,1,nabeul
3111,365000.0,118.0,2,2,mahdia
3117,150000.0,98.0,2,1,ben arous
3120,225000.0,125.0,0,1,ben arous
3134,280000.0,90.0,3,1,tunis
3136,164000.0,120.0,4,1,ariana
3138,340000.0,130.0,3,2,tunis
3140,285000.0,100.0,2,2,tunis
3141,340000.0,230.0,4,2,tunis
3152,275000.0,128.0,3,2,ariana
3158,870000.0,404.0,8,4,ariana
3164,273000.0,90.0,2,1,tunis
3166,225000.0,300.0,4,4,ariana
3167,209999.0,100.0,1,1,tunis
3169,495000.0,160.0,0,2,ariana
3170,640000.0,411.0,3,2,ariana
3171,850000.0,416.0,6,1,ariana
3178,316500.0,93.0,1,1,nabeul
3179,460000.0,500.0,6,3,tunis
3182,228000.0,50.0,1,1,ariana
3183,750000.0,400.0,4,3,nabeul
3184,278998.0,134.0,4,2,tunis
3185,200000.0,130.0,3,1,nabeul
3201,140000.0,180.0,1,2,nabeul
3204,650000.0,122.0,2,1,tunis
3213,170000.0,50.0,2,1,tunis
3216,130000.0,87.0,3,1,sousse
3218,1080000.0,450.0,4,3,sousse
3220,256000.0,51.0,1,1,nabeul
3221,97000.0,523.0,2,1,tunis
3224,97000.0,523.0,2,1,bizerte
3229,360000.0,100.0,2,2,tunis
3230,215000.0,56.0,1,1,ariana
3233,350000.0,125.0,2,1,ariana
3234,780000.0,500.0,6,3,ariana
3238,300000.0,115.0,4,2,tunis
3239,380000.0,120.0,3,2,ariana
3242,157900.0,64.0,1,1,ariana
3249,97000.0,503.0,2,1,bizerte
3258,795000.0,400.0,9,5,manouba
3264,495000.0,200.0,5,4,tunis
3275,170000.0,93.0,2,1,bizerte
3280,300000.0,35.0,1,1,sousse
3287,380000.0,160.0,3,2,nabeul
3302,210000.0,140.0,3,2,tunis
3303,720000.0,325.0,7,4,ariana
3304,1300000.0,380.0,8,3,ariana
3306,247000.0,65.0,1,1,tunis
3318,388000.0,155.0,3,2,tunis
3333,260000.0,47.0,1,1,nabeul
3339,300500.0,93.0,1,1,nabeul
3346,850000.0,400.0,4,2,nabeul
3347,290000.0,250.0,3,1,nabeul
3357,475000.0,148.0,3,2,sousse
3359,120000.0,74.0,2,1,sousse
3364,165000.0,90.0,2,1,tunis
3369,330000.0,70.0,3,4,tunis
3370,130000.0,90.0,2,1,tunis
3376,980000.0,200.0,3,2,tunis
3401,175000.0,65.0,1,1,ariana
3404,120000.0,120.0,4,2,manouba
3405,220000.0,80.0,3,2,tunis
3407,535000.0,152.0,3,2,tunis
3412,170000.0,130.0,3,2,sfax
3415,185000.0,85.0,2,1,nabeul
3425,430000.0,380.0,1,1,nabeul
3437,290000.0,371.0,5,2,sfax
3450,290000.0,101.0,2,1,ben arous
3451,680000.0,197.0,3,1,ben arous
3473,850000.0,500.0,4,4,nabeul
3474,420000.0,165.0,3,3,sousse
3476,110000.0,52.38,1,1,nabeul
3478,1100000.0,150.0,4,1,sousse
3479,239998.0,104.0,2,1,nabeul
3480,114998.0,110.0,1,1,nabeul
3490,670000.0,135.0,3,1,sfax
3493,340000.0,145.0,3,3,nabeul
3496,160000.0,96.0,2,1,ben arous
3497,650000.0,400.0,3,1,manouba
3502,430000.0,467.0,3,2,mahdia
3504,400000.0,400.0,3,1,tunis
3509,480000.0,630.0,4,2,bizerte
3510,80000.0,60.0,3,1,bizerte
3515,440000.0,130.0,2,1,nabeul
3518,350000.0,93.0,2,1,nabeul
3519,510000.0,149.0,3,2,tunis
3521,220000.0,100.0,3,1,tunis
3524,2000000.0,245.0,8,2,tunis
3527,300000.0,110.0,1,1,ariana
3529,285600.0,68.0,1,1,nabeul
3542,3200000.0,172.0,3,1,sousse
3543,650000.0,303.0,9,5,tunis
3544,350000.0,153.0,3,1,ariana
3545,277000.0,68.0,1,1,nabeul
3549,226000.0,73.0,1,1,tunis
3551,345000.0,100.0,4,1,mahdia
3552,115000.0,140.0,3,1,mahdia
3553,594000.0,424.0,3,2,monastir
3557,210000.0,300.0,3,1,nabeul
3558,250000.0,68.0,1,1,tunis
3567,440300.0,119.0,3,2,nabeul
3577,220000.0,85.0,2,1,nabeul
3578,165000.0,100.0,2,1,nabeul
3579,260000.0,130.0,2,1,nabeul
3581,410000.0,137.0,3,1,nabeul
3582,140000.0,85.0,2,1,tunis
3583,450999.0,156.0,3,2,tunis
3585,160000.0,100.0,2,2,monastir
3586,1150000.0,200.0,4,1,tunis
3590,540000.0,141.0,3,2,nabeul
3592,240000.0,75.0,2,2,tunis
3593,200000.0,150.0,1,1,nabeul
3598,120000.0,70.0,2,1,ben arous
3605,175000.0,100.0,4,2,tunis
3607,350000.0,120.0,6,3,nabeul
3611,360000.0,200.0,3,2,nabeul
3621,160000.0,90.0,3,1,ben arous
3625,235000.0,130.0,2,1,sousse
3650,336000.0,80.0,1,1,nabeul
3651,200000.0,86.0,2,1,ben arous
3653,180000.0,120.0,2,1,monastir
3656,105000.0,90.0,3,1,monastir
3657,350000.0,100.0,2,1,monastir
3658,230000.0,97.0,2,1,tunis
3661,155000.0,100.0,3,1,tunis
3676,280000.0,131.0,4,2,ariana
3688,1500000.0,600.0,10,5,tunis
3691,799999.0,413.0,5,1,ben arous
3697,268997.0,115.0,3,1,tunis
3703,250000.0,100.0,2,1,sousse
3709,280000.0,70.0,1,1,nabeul
3712,260000.0,52.0,1,1,tunis
3713,260000.0,101.0,2,1,sousse
3714,250000.0,110.0,2,1,sousse
3725,400000.0,75.0,2,1,ben arous
3740,1000000.0,126.0,3,1,sousse
3747,130000.0,92.0,3,1,tunis
3749,170000.0,85.0,2,1,nabeul
3761,95000.0,150.0,2,1,nabeul
3765,92000.0,75.0,2,1,monastir
3769,150000.0,110.0,4,2,tunis
3772,270000.0,110.0,2,1,ariana
3774,310000.0,130.0,3,2,nabeul
3775,373000.0,140.0,3,2,sousse
3777,110000.0,117.0,3,2,sfax
3779,160000.0,75.0,2,1,sousse
3782,329997.0,200.0,3,1,tunis
3787,620000.0,140.0,3,2,ariana
3789,330000.0,200.0,3,1,nabeul
3790,450000.0,280.0,3,3,ben arous
3813,550000.0,290.0,2,1,nabeul
3817,920000.0,415.0,9,5,tunis
3823,520000.0,650.0,4,1,nabeul
3829,900000.0,320.0,4,2,ben arous
3847,600000.0,200.0,3,3,ariana
3848,415000.0,160.0,3,2,ariana
3849,430000.0,150.0,3,2,ariana
3853,500000.0,150.0,2,1,nabeul
3855,560000.0,153.0,3,2,tunis
3861,300500.0,70.0,1,1,nabeul
3862,650000.0,70.0,2,1,tunis
3863,317000.0,57.0,1,1,nabeul
3867,370000.0,170.0,4,1,ariana
3868,280000.0,80.0,1,1,ariana
3880,269000.0,58.0,1,1,nabeul
3893,295000.0,280.0,3,1,ben arous
3898,380000.0,312.0,4,1,ben arous
3900,720000.0,400.0,3,1,tunis
3908,590000.0,217.0,2,2,nabeul
3909,139000.0,126.0,3,1,sfax
3916,890000.0,260.0,5,1,tunis
3917,2999000.0,45.0,1,1,ben arous
3927,165000.0,90.0,3,1,manouba
4929,450000.0,200.0,9,1,ben arous
4936,170000.0,100.0,0,2,ben arous
4941,215000.0,106.0,1,1,ariana
4961,245000.0,113.0,2,2,ben arous
4964,200000.0,91.0,1,1,ben arous
4968,350000.0,120.0,3,2,tunis
4972,385000.0,96.0,2,1,ben arous
4975,350000.0,74.0,1,1,sousse
4976,380000.0,130.0,2,1,sousse
4982,340000.0,55.0,1,1,sousse
4984,350000.0,80.0,1,1,sousse
4986,620000.0,120.0,2,1,tunis
4988,480000.0,200.0,4,2,nabeul
4995,650000.0,154.0,3,1,monastir
4999,260000.0,90.0,4,2,tunis
5000,541000.0,171.0,3,2,nabeul
5002,180000.0,121.0,3,1,ariana
5004,355000.0,122.0,1,1,nabeul
5005,405000.0,106.0,2,1,nabeul
5007,247000.0,185.0,4,1,ben arous
5008,320000.0,114.0,3,2,tunis
5010,260000.0,114.0,3,2,tunis
5011,400000.0,83.0,1,1,mahdia
5017,980000.0,670.0,4,3,nabeul
5019,489998.0,130.0,3,3,mahdia
5021,270000.0,75.0,1,1,mahdia
5022,330000.0,80.0,2,1,mahdia
5025,295000.0,115.0,2,1,mahdia
5026,300000.0,245.0,5,3,mahdia
5027,3800000.0,118.5,2,1,mahdia
5028,350000.0,122.0,3,2,mahdia
5029,616000.0,137.0,2,1,mahdia
5042,269999.0,125.0,3,2,ariana
5050,120000.0,98.0,2,1,ben arous
5052,387000.0,162.0,3,2,tunis
5057,104000.0,68.0,1,1,ariana
5060,185000.0,59.0,1,1,ariana
5061,119998.0,100.0,3,1,tunis
5063,110000.0,210.0,2,1,nabeul
5067,270000.0,145.0,3,1,tunis
5078,580000.0,280.0,4,2,nabeul
5090,560000.0,245.0,4,3,tunis
5094,394997.0,150.0,4,2,tunis
5095,2000000.0,54.0,1,1,tunis
5098,185000.0,56.0,1,1,tunis
5104,1650000.0,510.0,3,2,tunis
5111,205000.0,100.0,2,1,nabeul
5114,400000.0,202.0,5,2,nabeul
5118,253000.0,330.0,6,1,monastir
5120,315000.0,126.0,2,2,mahdia
5123,650000.0,500.0,4,2,ariana
5124,280000.0,95.0,2,1,nabeul
5126,440000.0,180.0,7,2,ariana
5127,350000.0,265.0,5,2,ben arous
5128,838000.0,544.0,3,2,ariana
5130,259000.0,110.0,3,2,tunis
5131,250000.0,189.0,3,1,nabeul
5137,275000.0,230.0,3,2,ariana
5151,517000.0,517.0,8,4,ariana
5152,80000.0,300.0,4,1,tunis
5153,150000.0,110.0,5,1,tunis
5157,140000.0,95.0,1,1,nabeul
5158,230000.0,63.0,1,1,tunis
5162,310000.0,74.0,2,1,tunis
5163,899000.0,490.0,4,2,nabeul
5164,398000.0,105.0,2,1,nabeul
5166,545000.0,250.0,8,2,tunis
5167,425000.0,180.0,3,2,sousse
5171,382000.0,132.0,2,2,mahdia
5172,383000.0,123.08,2,2,mahdia
5174,438000.0,120.0,2,2,mahdia
5176,285000.0,130.0,3,1,mahdia
5177,185000.0,60.0,1,1,mahdia
5187,650000.0,85.0,3,1,sousse
5190,335000.0,80.0,1,1,nabeul
5198,800000.0,300.0,4,3,sousse
5200,370000.0,100.0,2,1,sousse
5201,293000.0,61.5,0,1,sousse
5207,270000.0,238.0,5,2,nabeul
5208,290000.0,120.0,2,1,nabeul
5209,220000.0,120.0,2,1,nabeul
5216,289000.0,82.0,1,1,sousse
5218,239000.0,80.0,2,1,tunis
5220,290000.0,110.0,3,2,ariana
5222,330000.0,100.0,2,2,nabeul
5225,330000.0,535.0,2,4,nabeul
5234,155000.0,133.0,2,1,nabeul
5245,450000.0,126.0,5,2,ben arous
5247,335000.0,114.0,3,1,tunis
5274,560000.0,245.0,4,3,ariana
5275,550000.0,210.0,3,2,tunis
5288,280000.0,61.0,3,1,ariana
5293,450000.0,287.0,4,2,ariana
5296,300000.0,100.0,2,1,tunis
5297,145000.0,80.0,3,1,ariana
5302,80000.0,120.0,2,1,ben arous
5303,150000.0,88.0,2,1,ariana
5307,295000.0,113.5,2,2,sousse
5317,310000.0,120.0,3,2,mahdia
5318,275000.0,342.0,2,1,monastir
5319,280000.0,200.0,3,1,monastir
5326,650000.0,150.0,1,2,nabeul
5327,250000.0,101.0,2,1,sousse
5333,100000.0,85.0,2,1,nabeul
5337,650000.0,500.0,8,4,ariana
5339,185000.0,153.0,2,1,tunis
5349,290000.0,100.0,6,2,sousse
5350,680000.0,300.0,4,2,nabeul
5352,210000.0,130.0,3,1,ariana
5358,260000.0,60.0,1,1,tunis
5368,2000000.0,110.0,2,1,nabeul
5373,800000.0,280.0,6,4,ariana
5375,224900.0,79.0,1,1,tunis
5379,690000.0,243.0,5,1,nabeul
5380,410000.0,109.0,2,1,nabeul
5385,254999.0,151.0,2,1,ben arous
5389,480000.0,500.0,3,1,sousse
5392,980000.0,408.0,3,1,sousse
5393,520000.0,436.0,4,2,sousse
5395,295000.0,99.0,2,1,sousse
5396,270000.0,156.0,2,1,sousse
5398,275000.0,130.0,1,1,tunis
5400,750000.0,192.0,4,3,sousse
5407,400000.0,67.0,2,1,sousse
5408,95000.0,69.0,2,1,ben arous
5409,150000.0,100.0,3,1,tunis
5412,275000.0,126.0,3,1,ariana
5419,390000.0,246.0,3,1,tunis
5424,165000.0,60.0,1,1,ariana
5427,225000.0,200.0,4,2,ariana
5434,415000.0,700.0,4,2,sfax
5436,220000.0,200.0,4,2,ariana
5450,370000.0,299.0,5,2,ben arous
5451,170000.0,54.0,1,1,ben arous
5456,335000.0,118.0,2,2,tunis
5459,260000.0,140.0,3,1,nabeul
5460,125000.0,80.0,1,1,nabeul
5466,880000.0,443.0,8,4,tunis
5467,1100000.0,350.0,4,2,sousse
5468,540000.0,345.0,4,1,manouba
5469,890000.0,400.0,9,5,tunis
5475,1600000.0,575.0,5,3,tunis
5476,890000.0,500.0,4,3,tunis
5481,375000.0,122.0,2,1,sousse
5482,680000.0,227.0,4,2,tunis
5483,290000.0,143.0,3,1,tunis
5489,260000.0,110.0,2,1,mahdia
5490,175000.0,97.0,2,1,monastir
5501,1560000.0,312.0,3,3,tunis
5503,180000.0,256.0,2,1,nabeul
5504,320000.0,104.0,2,1,nabeul
5516,109000.0,62.0,2,1,ben arous
5517,499000.0,90.0,6,3,bizerte
5518,80000.0,150.0,2,1,ariana
5522,450000.0,120.0,3,2,nabeul
5525,235000.0,71.0,3,1,bizerte
5531,280000.0,450.0,3,2,sfax
5536,2500000.0,117.0,2,1,ben arous
5538,392200.0,106.0,2,1,nabeul
5539,950000.0,420.0,4,4,nabeul
5547,760000.0,500.0,4,3,nabeul
5550,260000.0,120.0,2,2,bizerte
5558,1180000.0,452.0,5,2,ariana
5561,700000.0,378.0,6,1,ben arous
5580,700000.0,480.0,3,3,nabeul
5582,230000.0,221.0,2,2,nabeul
5584,230000.0,220.0,2,2,nabeul
5592,375000.0,110.0,0,1,tunis
5594,270000.0,122.0,3,1,tunis
5604,3700000.0,100.0,3,1,nabeul
5606,264993.0,90.0,2,1,tunis
5607,320000.0,110.0,2,2,nabeul
5619,650000.0,230.0,4,2,nabeul
5629,92000.0,77.0,2,1,sousse
5630,670000.0,550.0,3,1,nabeul
5631,510000.0,395.0,3,2,ben arous
5634,240000.0,68.0,1,1,nabeul
5637,1980000.0,659.0,6,5,tunis
5644,400000.0,98.0,1,2,nabeul
5646,520000.0,420.0,3,2,medenine
5647,1200000.0,570.0,4,2,medenine
5648,578999.0,650.0,4,2,medenine
5650,300000.0,190.0,2,1,medenine
5651,420000.0,290.0,2,2,medenine
5653,440000.0,390.0,2,2,medenine
5661,330000.0,104.0,3,2,nabeul
5669,460000.0,155.0,4,1,sousse
5674,145000.0,129.0,4,1,mahdia
5677,290000.0,285.0,10,3,sousse
5683,255000.0,100.0,2,2,monastir
5686,320000.0,500.0,4,2,tunis
5693,280000.0,118.0,4,1,tunis
5696,320000.0,180.0,5,1,tunis
5699,133000.0,63.0,1,1,monastir
5702,225000.0,144.0,3,2,ariana
5707,1120000.0,480.0,7,5,tunis
5716,950000.0,579.0,7,3,tunis
5722,208700.0,72.0,1,1,tunis
5724,250000.0,373.0,0,2,tunis
5734,250000.0,240.0,2,1,nabeul
5740,460000.0,170.0,4,2,ben arous
5745,3000000.0,97.0,2,1,nabeul
5748,650000.0,457.0,4,3,nabeul
5754,268000.0,66.0,1,1,nabeul
5777,400000.0,130.0,3,2,tunis
5784,169999.0,100.0,2,1,nabeul
5789,150000.0,78.0,2,2,nabeul
5799,690000.0,300.0,4,2,nabeul
5804,2900000.0,252.0,3,2,mahdia
5813,376000.0,102.0,2,1,ariana
5814,474999.0,256.0,4,2,sousse
5815,470000.0,200.0,1,2,sousse
5818,510000.0,363.0,3,2,mahdia
5821,200000.0,102.0,3,1,ariana
5823,449998.0,136.0,4,2,nabeul
5828,245000.0,65.0,1,1,nabeul
5829,430000.0,112.0,2,2,ariana
5830,500000.0,110.0,2,2,nabeul
5831,570000.0,409.0,4,1,nabeul
5833,350000.0,91.0,2,1,tunis
5836,210000.0,53.5,1,1,nabeul
5848,440000.0,426.0,2,1,nabeul
5849,980000.0,634.0,5,4,ariana
5850,340000.0,136.0,3,2,ariana
5859,75000.0,100.0,3,1,bizerte
5861,1300000.0,375.0,10,4,nabeul
5871,120000.0,70.0,2,1,sfax
5874,260000.0,103.0,2,1,ben arous
5884,120000.0,195.0,3,1,bizerte
5888,2400000.0,131.0,3,2,ben arous
5895,220000.0,274.0,3,2,sousse
5903,375000.0,484.0,2,2,sousse
5909,365000.0,155.0,3,3,ariana
5910,320000.0,150.0,3,2,ariana
5918,120000.0,56.0,1,1,tunis
5924,150000.0,85.0,2,1,ben arous
5933,190000.0,54.0,1,1,tunis
5935,175000.0,66.0,1,1,monastir
5949,225000.0,100.0,3,1,tunis
5963,870000.0,170.0,5,3,tunis
5974,450000.0,300.0,3,1,tunis
5982,180000.0,110.0,3,1,ben arous
5997,490000.0,190.0,4,1,tunis
5998,235000.0,170.0,4,1,tunis
5999,590000.0,180.0,3,3,tunis
6003,650000.0,498.0,7,2,ben arous
6005,155000.0,100.0,4,1,ben arous
6007,270000.0,90.0,3,1,ben arous
6011,540000.0,184.0,3,1,ben arous
6016,300000.0,160.0,3,2,ben arous
6017,1400000.0,250.0,4,4,sfax
6018,190000.0,117.0,1,1,tunis
6024,272000.0,147.0,3,2,ben arous
6025,165000.0,100.0,3,1,ben arous
6029,295000.0,84.0,1,1,tunis
6031,900000.0,300.0,4,4,nabeul
6034,235000.0,100.0,2,2,ben arous
6054,475000.0,127.0,2,1,sousse
6057,225000.0,100.0,2,1,sousse
6065,600000.0,337.0,2,1,bizerte
6069,210000.0,45.0,1,1,nabeul
6070,320000.0,120.0,3,2,nabeul
6071,405000.0,109.0,2,1,nabeul
6073,490000.0,400.0,7,4,bizerte
6076,210000.0,122.0,2,1,bizerte
6077,270000.0,95.0,3,1,bizerte
6087,270000.0,110.0,0,1,ariana
6110,325000.0,85.0,2,1,nabeul
6114,225000.0,80.0,1,1,sousse
6116,270000.0,120.0,2,2,tunis
6117,400000.0,137.0,3,1,ben arous
6119,220000.0,90.0,3,1,ben arous
6124,295000.0,110.0,2,1,sousse
6126,309998.0,70.0,2,1,nabeul
6130,700000.0,300.0,2,3,nabeul
6138,530000.0,100.0,2,2,tunis
6156,320000.0,434.0,4,2,sousse
6163,150000.0,70.0,1,1,bizerte
6167,1599000.0,200.0,4,2,tunis
6168,95000.0,80.0,2,1,sousse
6172,299000.0,100.0,3,2,tunis
6174,170000.0,85.0,5,2,tunis
6181,820000.0,337.0,4,4,nabeul
6182,559998.0,135.0,2,1,nabeul
6183,370000.0,170.0,2,1,nabeul
6186,310000.0,140.0,3,2,tunis
6187,300000.0,111.0,2,2,sousse
6200,300000.0,120.0,2,1,ariana
6208,330000.0,182.0,3,2,nabeul
6210,139999.0,73.0,0,1,ben arous
6211,160000.0,100.0,2,1,ben arous
6218,240000.0,120.0,2,1,nabeul
6224,255000.0,65.0,1,1,tunis
6228,790000.0,500.0,3,3,nabeul
6230,980000.0,635.0,4,3,nabeul
6231,380000.0,107.0,3,1,tunis
6232,800000.0,500.0,4,2,tunis
6233,750000.0,470.0,6,2,tunis
6239,650000.0,161.0,4,2,sousse
6245,350000.0,294.0,3,1,tunis
6247,345000.0,133.0,2,1,tunis
6251,420000.0,120.0,3,2,sousse
6253,270000.0,104.0,2,1,ben arous
6256,260000.0,110.0,2,1,ben arous
6257,120000.0,90.0,3,1,ben arous
6258,305000.0,140.0,2,1,ben arous
6259,750000.0,314.0,3,2,sousse
6263,240000.0,100.0,3,2,ben arous
6266,430000.0,186.0,3,2,ben arous
6267,400000.0,200.0,7,3,ben arous
6269,235000.0,90.0,2,1,ben arous
6277,1190000.0,230.0,3,3,tunis
6280,600000.0,103.0,2,1,tunis
6287,680000.0,400.0,6,3,tunis
6293,120000.0,100.0,4,2,manouba
6306,290000.0,145.0,3,2,sfax
6314,200000.0,57.4,1,1,sousse
6330,520000.0,416.0,6,1,bizerte
6331,380000.0,100.0,3,2,sousse
6334,410000.0,165.0,2,2,sousse
6335,253800.0,116.0,1,1,sousse
6340,330000.0,243.0,2,2,bizerte
6342,250000.0,137.0,4,1,bizerte
6344,410000.0,113.0,3,1,tunis
6345,190000.0,75.0,3,1,bizerte
6346,1480000.0,465.0,4,3,ariana
6349,350000.0,250.0,3,3,nabeul
6364,800000.0,413.0,8,3,ben arous
6368,175000.0,100.0,2,1,nabeul
6377,252000.0,134.0,3,1,tunis
6381,135000.0,128.0,1,1,tunis
6385,235000.0,40.0,1,1,sousse
6389,128000.0,100.0,2,1,sousse
6390,365000.0,92.0,2,1,sousse
6391,485000.0,124.0,2,1,sousse
6394,640000.0,500.0,2,2,tunis
6397,1150000.0,450.0,7,5,tunis
6398,380000.0,218.0,3,3,bizerte
6407,137998.0,100.0,2,1,nabeul
6410,387000.0,88.0,2,1,tunis
6412,3000000.0,420.0,5,2,nabeul
6422,195000.0,100.0,2,1,nabeul
6423,500000.0,208.0,4,2,tunis
6426,170000.0,160.0,4,2,tunis
6429,395000.0,190.0,3,3,tunis
6439,1500000.0,673.0,5,3,ariana
6441,180000.0,400.0,3,1,nabeul
6445,450000.0,345.0,3,1,ben arous
6447,168000.0,200.0,4,1,ben arous
6452,449000.0,336.0,7,4,tunis
6453,150000.0,100.0,3,1,ben arous
6456,250000.0,115.0,3,2,ariana
6459,279000.0,110.0,2,2,ariana
6462,160000.0,90.0,2,1,bizerte
6465,169000.0,122.0,3,2,sousse
6466,330000.0,68.0,2,1,sousse
6471,381000.0,123.0,2,2,tunis
6473,360000.0,265.0,1,1,ariana
6478,430000.0,155.0,3,3,sousse
6484,190000.0,100.0,2,1,sousse
6488,363600.0,87.8,2,1,mahdia
6492,482000.0,384.0,6,3,tunis
6494,560000.0,185.0,3,1,nabeul
6501,220000.0,95.0,5,1,tunis
6506,189000.0,130.0,3,2,sfax
6507,250000.0,300.0,2,1,ariana
6513,94000.0,78.0,3,1,ben arous
6530,1000000.0,95.0,2,1,sousse
6534,150000.0,73.0,3,1,tunis
6539,440000.0,181.0,2,2,ariana
6547,1850000.0,616.0,6,3,ariana
6548,335000.0,123.0,3,2,ariana
6569,210000.0,88.0,2,1,ben arous
6575,200001.0,85.0,2,1,sousse
6576,200000.0,85.0,2,1,tunis
6583,330001.0,102.0,2,2,nabeul
6587,350000.0,150.0,3,2,tunis
6588,1111000.0,218.0,7,5,ariana
6608,1000000.0,284.0,5,3,tunis
6609,190000.0,82.0,2,2,tunis
6610,450000.0,140.0,3,1,tunis
6614,750000.0,300.0,4,3,nabeul
6615,630000.0,126.0,3,2,tunis
6618,230000.0,90.0,2,1,mahdia
6619,470000.0,118.0,2,1,mahdia
6623,240000.0,105.0,2,1,mahdia
6628,299000.0,118.0,3,2,ben arous
6629,219000.0,100.0,2,1,ariana
6630,310000.0,125.0,2,1,tunis
6643,350000.0,204.0,3,1,nabeul
6644,159999.0,100.0,2,2,monastir
6651,749999.0,300.0,6,2,sfax
6656,350000.0,50.0,1,1,sousse
6657,300000.0,650.0,5,2,sfax
6658,520000.0,231.0,4,2,tunis
6670,1269000.0,500.0,5,3,ariana
6671,220000.0,140.0,3,1,ben arous
6674,1300000.0,115.0,4,1,tunis
6676,210000.0,110.0,3,1,sfax
6677,320000.0,250.0,4,2,monastir
6686,210000.0,168.0,4,1,tunis
6688,200000.0,90.0,5,1,tunis
6699,220000.0,200.0,4,1,tunis
6700,300000.0,170.0,5,1,tunis
6701,700000.0,120.0,3,2,ariana
6708,1300000.0,580.0,7,2,ben arous
6711,580000.0,424.0,3,1,ben arous
6717,630000.0,220.0,3,1,ben arous
6722,250000.0,108.0,3,1,ben arous
6723,110000.0,75.0,2,1,ben arous
6726,800000.0,485.0,6,2,ben arous
6730,285000.0,112.0,2,1,ariana
6733,590000.0,170.0,3,2,ben arous
6737,469997.0,145.0,3,2,nabeul
6742,350000.0,480.0,6,1,tunis
6749,320000.0,100.0,2,1,tunis
6751,270000.0,73.0,2,2,tunis
6753,450000.0,145.0,3,1,sousse
6755,256500.0,50.0,1,1,sousse
6758,290000.0,136.0,2,2,ariana
6759,1380000.0,530.0,3,4,tunis
6760,380000.0,175.0,4,2,tunis
6766,205000.0,400.0,3,1,sfax
6791,180000.0,100.0,5,2,ben arous
6799,250000.0,61.0,2,1,tunis
6800,235000.0,130.0,2,1,tunis
6802,690000.0,537.0,3,3,nabeul
6803,255000.0,81.0,2,2,ben arous
6804,750000.0,203.0,3,3,nabeul
6805,250000.0,135.0,2,1,tunis
6806,4000000.0,125.0,4,2,ben arous
6807,2000000.0,156.0,3,2,tunis
6808,560000.0,485.0,6,3,monastir
6809,380000.0,125.0,3,2,tunis
6810,229000.0,85.0,2,1,tunis
6812,720000.0,180.0,6,5,tunis
6814,240000.0,100.0,2,1,monastir
6815,190000.0,56.0,1,1,monastir
6816,250000.0,110.0,3,2,tunis
6818,176003.0,80.0,2,1,tunis
6834,180000.0,106.0,2,1,sousse
6835,730000.0,500.0,6,2,tunis
6836,670000.0,325.0,8,2,tunis
6837,495000.0,615.0,3,2,tunis
6839,580000.0,219.0,8,3,bizerte
6841,490000.0,440.0,3,2,nabeul
6845,165000.0,116.0,3,1,tunis
6852,500000.0,145.0,4,2,tunis
6854,290000.0,100.0,1,1,nabeul
6855,65000.0,70.0,2,1,sfax
6861,245000.0,100.0,2,1,ariana
6867,170000.0,115.0,2,1,sousse
6875,185000.0,58.0,1,1,tunis
6880,360000.0,227.0,4,1,ariana
6882,650000.0,235.0,1,2,ariana
6892,365000.0,281.0,4,1,sfax
6907,750000.0,470.0,4,2,bizerte
6910,320000.0,80.0,3,2,ben arous
6925,610000.0,400.0,6,2,tunis
6927,180000.0,100.0,4,1,tunis
6930,280000.0,280.0,3,1,ben arous
6935,220000.0,132.0,3,1,ben arous
6938,185000.0,90.0,2,1,ariana
6942,250000.0,95.0,3,1,tunis
6949,260000.0,90.0,2,1,tunis
6954,290000.0,63.0,1,1,tunis
6956,195000.0,75.0,1,1,ariana
6957,390000.0,96.0,2,1,mahdia
6961,280000.0,57.0,1,1,ariana
6962,1450000.0,600.0,6,3,ariana
6965,430000.0,329.0,5,1,tunis
6967,179998.0,100.0,2,1,nabeul
6969,220000.0,110.0,2,1,nabeul
6972,470000.0,316.0,3,2,bizerte
6986,329999.0,200.0,3,1,nabeul
